{"cameraMode":{"drawMode":0,"name":"Shaded","section":"Shading Mode"},"sceneLighting":true,"audioPlay":false,"sceneViewState":{"showFog":false,"showMaterialUpdate":false,"showSkybox":true,"showFlares":true,"showImageEffects":true,"showParticleSystems":true},"in2DMode":false,"pivot":{"x":-8.75245475769043,"y":-0.9076775312423706,"z":2.152559280395508},"rotation":{"x":-0.07472066581249237,"y":0.7576701045036316,"z":-0.08814194798469544,"w":-0.6423332095146179},"size":16.633255004882814,"orthographic":false}