{"cameraMode":{"drawMode":0,"name":"Shaded","section":"Shading Mode"},"sceneLighting":false,"audioPlay":false,"sceneViewState":{"showFog":false,"showMaterialUpdate":false,"showSkybox":false,"showFlares":true,"showImageEffects":true,"showParticleSystems":true},"in2DMode":false,"pivot":{"x":6.921709060668945,"y":44.63992691040039,"z":1.0771293640136719},"rotation":{"x":0.062342166900634769,"y":0.02245432697236538,"z":-0.0014029019512236119,"w":0.9978018999099731},"size":34.015621185302737,"orthographic":false}