{"cameraMode":{"drawMode":0,"name":"Shaded","section":"Shading Mode"},"sceneLighting":false,"audioPlay":false,"sceneViewState":{"showFog":false,"showMaterialUpdate":false,"showSkybox":false,"showFlares":true,"showImageEffects":true,"showParticleSystems":true},"in2DMode":false,"pivot":{"x":-0.06948351860046387,"y":0.37172162532806399,"z":-0.026894211769104005},"rotation":{"x":-0.10727879405021668,"y":-0.8268213868141174,"z":0.16874241828918458,"w":-0.5257717967033386},"size":3.8441264629364015,"orthographic":false}