{"cameraMode":{"drawMode":0,"name":"Shaded","section":"Shading Mode"},"sceneLighting":true,"audioPlay":false,"sceneViewState":{"showFog":false,"showMaterialUpdate":false,"showSkybox":true,"showFlares":true,"showImageEffects":true,"showParticleSystems":true},"in2DMode":false,"pivot":{"x":0.4084897041320801,"y":0.09826278686523438,"z":-1.1422429084777833},"rotation":{"x":-0.44051721692085268,"y":0.553067684173584,"z":-0.44025537371635439,"w":-0.5534021854400635},"size":45.163414001464847,"orthographic":false}