{"cameraMode":{"drawMode":0,"name":"Shaded","section":"Shading Mode"},"sceneLighting":true,"audioPlay":false,"sceneViewState":{"showFog":false,"showMaterialUpdate":false,"showSkybox":true,"showFlares":true,"showImageEffects":true,"showParticleSystems":true},"in2DMode":false,"pivot":{"x":-9.797396659851075,"y":3.624998092651367,"z":2.4782845973968508},"rotation":{"x":-0.07665988057851792,"y":-0.09705639630556107,"z":-0.007498112507164478,"w":0.9922935366630554},"size":23.076976776123048,"orthographic":false}