{"cameraMode":{"drawMode":0,"name":"Shaded","section":"Shading Mode"},"sceneLighting":false,"audioPlay":false,"sceneViewState":{"showFog":true,"showMaterialUpdate":false,"showSkybox":false,"showFlares":true,"showImageEffects":true,"showParticleSystems":true},"in2DMode":false,"pivot":{"x":-5.270475387573242,"y":1.1676812171936036,"z":-4.7240753173828129},"rotation":{"x":0.4333440959453583,"y":0.5258994102478027,"z":-0.35656195878982546,"w":0.6391518115997315},"size":22.43138313293457,"orthographic":true}