{"cameraMode":{"drawMode":0,"name":"Shaded","section":"Shading Mode"},"sceneLighting":false,"audioPlay":false,"sceneViewState":{"showFog":true,"showMaterialUpdate":false,"showSkybox":false,"showFlares":true,"showImageEffects":true,"showParticleSystems":true},"in2DMode":false,"pivot":{"x":-0.7996268272399902,"y":-0.0350499153137207,"z":0.9383488297462463},"rotation":{"x":0.06299440562725067,"y":-0.6581828594207764,"z":0.055417779833078387,"w":0.7481687068939209},"size":15.068259239196778,"orthographic":true}